Region_Center_ID,Extra_Point_ID,MIP_Cost_With_Point,MIP_Cost_Base,Real_Increase,LP_Dual_Val,Gap_Percent
31,1,43626.9840,7243.6813,36383.3027,37227.3306,2.32%
31,2,43561.1897,7243.6813,36317.5084,36980.5406,1.83%
31,3,30427.3966,7243.6813,23183.7154,23195.8404,0.05%
31,4,26999.1439,7243.6813,19755.4626,19755.4626,0.00%
31,5,91107.4905,7243.6813,83863.8093,84554.2290,0.82%
31,6,78201.5812,7243.6813,70957.8999,71690.8123,1.03%
31,7,75905.7059,7243.6813,68662.0246,69376.4402,1.04%
31,8,72067.6138,7243.6813,64823.9325,65563.3650,1.14%
31,9,68462.0373,7243.6813,61218.3561,61835.2965,1.01%
31,10,48563.2721,7243.6813,41319.5909,41319.5909,0.00%
31,11,44472.6946,7243.6813,37229.0133,37945.0880,1.92%
31,12,37469.1165,7243.6813,30225.4352,30690.3312,1.54%
31,13,45538.3889,7243.6813,38294.7077,38400.0136,0.27%
31,14,34573.1222,7243.6813,27329.4409,27827.5776,1.82%
31,15,37178.6861,7243.6813,29935.0048,30046.5697,0.37%
31,16,36273.5297,7243.6813,29029.8484,29029.8484,0.00%
31,17,33851.4585,7243.6813,26607.7773,26619.9023,0.05%
31,18,30305.4702,7243.6813,23061.7890,23073.9140,0.05%
31,19,30763.6126,7243.6813,23519.9313,23532.0564,0.05%
31,20,28643.5272,7243.6813,21399.8459,21411.9710,0.06%
31,21,28680.0068,7243.6813,21436.3256,21448.4506,0.06%
31,22,28101.4744,7243.6813,20857.7931,20869.9182,0.06%
31,23,26836.1608,7243.6813,19592.4796,19664.4258,0.37%
31,24,25239.5112,7243.6813,17995.8299,18048.6585,0.29%
31,25,12561.5485,7243.6813,5317.8672,5935.9042,11.62%
31,26,27354.1818,7243.6813,20110.5005,20385.2264,1.37%
31,27,7243.6813,7243.6813,-0.0000,854.9975,0.00%
31,28,11236.7839,7243.6813,3993.1026,4351.8016,8.98%
31,29,7243.6813,7243.6813,-0.0000,455.3808,0.00%
31,30,7243.6813,7243.6813,-0.0000,475.5399,0.00%
31,31,7243.6813,7243.6813,-0.0000,447.0483,0.00%
31,32,16605.6571,7243.6813,9361.9758,10033.8085,7.18%
31,33,14918.2289,7243.6813,7674.5477,8349.2480,8.79%
31,34,14269.8582,7243.6813,7026.1769,7775.4864,10.66%
31,35,83383.3897,7243.6813,76139.7085,76877.6279,0.97%
31,36,76125.3804,7243.6813,68881.6991,69547.9054,0.97%
31,37,76806.5775,7243.6813,69562.8963,70266.5149,1.01%
31,38,70617.0202,7243.6813,63373.3389,63983.7364,0.96%
31,39,63841.2305,7243.6813,56597.5492,57421.8368,1.46%
31,40,62668.8594,7243.6813,55425.1782,56236.2206,1.46%
31,41,55857.3270,7243.6813,48613.6457,49280.2524,1.37%
31,42,56980.0738,7243.6813,49736.3926,50461.0603,1.46%
31,43,51272.6431,7243.6813,44028.9618,44675.7580,1.47%
31,44,45927.2996,7243.6813,38683.6184,39327.7918,1.67%
31,45,45649.2460,7243.6813,38405.5647,39048.8966,1.68%
31,46,45537.1041,7243.6813,38293.4228,38935.5899,1.68%
31,47,45379.2663,7243.6813,38135.5850,38781.0197,1.69%
31,48,45000.4450,7243.6813,37756.7637,38068.9717,0.83%
31,49,52047.3319,7243.6813,44803.6507,45208.7938,0.90%
31,50,44303.5681,7243.6813,37059.8868,37746.3933,1.85%
31,51,44078.1409,7243.6813,36834.4596,37491.9680,1.79%
31,52,43604.4040,7243.6813,36360.7227,37026.8561,1.83%
31,53,30220.3009,7243.6813,22976.6196,23782.3051,3.51%
31,54,33710.7380,7243.6813,26467.0568,26479.1818,0.05%
31,55,32769.2317,7243.6813,25525.5504,25537.6755,0.05%
31,56,27961.4867,7243.6813,20717.8054,20729.9305,0.06%
31,57,26901.1506,7243.6813,19657.4693,19657.4693,0.00%
31,58,23059.8226,7243.6813,15816.1413,15846.9921,0.20%
31,59,26181.3219,7243.6813,18937.6406,19153.0831,1.14%
31,60,18960.4840,7243.6813,11716.8028,11991.5287,2.34%
31,61,17338.6027,7243.6813,10094.9214,10373.7531,2.76%
31,62,7243.6813,7243.6813,-0.0000,696.9969,0.00%
31,63,7243.6813,7243.6813,-0.0000,1086.6263,0.00%
31,64,7243.6813,7243.6813,-0.0000,235.9085,0.00%
31,65,7243.6813,7243.6813,-0.0000,235.9717,0.00%
31,66,14815.2229,7243.6813,7571.5417,8436.2497,11.42%
31,67,14894.8988,7243.6813,7651.2176,8207.5716,7.27%
31,68,10356.8542,7243.6813,3113.1729,3968.6303,27.48%
31,69,84050.8492,7243.6813,76807.1680,77619.9143,1.06%
31,70,83792.1693,7243.6813,76548.4880,77284.9026,0.96%
31,71,79284.1725,7243.6813,72040.4912,72877.7713,1.16%
31,72,79040.1977,7243.6813,71796.5165,72534.7723,1.03%
31,73,76835.2520,7243.6813,69591.5707,70247.5627,0.94%
31,74,68837.7527,7243.6813,61594.0715,62396.9879,1.30%
31,75,58253.1064,7243.6813,51009.4251,51514.4389,0.99%
31,76,55475.3103,7243.6813,48231.6290,48838.8996,1.26%
31,77,52400.5106,7243.6813,45156.8293,45557.0720,0.89%
31,78,44860.3622,7243.6813,37616.6809,38265.2232,1.72%
31,79,45667.6721,7243.6813,38423.9909,38549.0179,0.33%
31,80,35032.3975,7243.6813,27788.7163,28293.9493,1.82%
31,81,35947.2953,7243.6813,28703.6140,28840.0993,0.48%
31,82,33184.3667,7243.6813,25940.6855,25952.8105,0.05%
31,83,27994.0594,7243.6813,20750.3782,20750.3782,0.00%
31,84,27115.0154,7243.6813,19871.3341,19883.4592,0.06%
31,85,18599.7655,7243.6813,11356.0842,11829.1595,4.17%
31,86,27519.4415,7243.6813,20275.7602,20275.7602,0.00%
31,87,25889.5497,7243.6813,18645.8685,18645.8685,0.00%
31,88,26444.6165,7243.6813,19200.9352,19200.9352,0.00%
31,89,30483.7324,7243.6813,23240.0511,23468.6502,0.98%
31,90,21130.5073,7243.6813,13886.8260,13994.6325,0.78%
31,91,12442.8368,7243.6813,5199.1556,5853.9939,12.60%
31,92,23326.3173,7243.6813,16082.6360,16344.1808,1.63%
31,93,9693.3270,7243.6813,2449.6458,2961.2663,20.89%
31,94,7243.6813,7243.6813,-0.0000,1189.2588,0.00%
31,95,7243.6813,7243.6813,-0.0000,3241.6434,0.00%
31,96,100224.1245,7243.6813,92980.4432,93291.4079,0.33%
31,97,84202.1419,7243.6813,76958.4606,77771.7258,1.06%
31,98,84666.4488,7243.6813,77422.7675,78097.2924,0.87%
31,99,83720.7041,7243.6813,76477.0228,77292.3736,1.07%
31,100,81115.5179,7243.6813,73871.8367,74465.8271,0.80%
96,1,60020.7166,27398.1831,32622.5335,33309.2580,2.11%
96,2,60049.6083,27398.1831,32651.4252,33289.5582,1.95%
96,3,77607.8766,27398.1831,50209.6935,52124.2255,3.81%
96,4,82962.7773,27398.1831,55564.5942,57518.1911,3.52%
96,5,27398.1831,27398.1831,0.0000,5103.9885,0.00%
96,6,28359.5495,27398.1831,961.3665,4064.7960,322.81%
96,7,29324.7674,27398.1831,1926.5843,4191.6819,117.57%
96,8,32916.7275,27398.1831,5518.5444,8046.6808,45.81%
96,9,36186.4456,27398.1831,8788.2625,10982.2277,24.96%
96,10,62463.4557,27398.1831,35065.2726,37293.1780,6.35%
96,11,62505.1083,27398.1831,35106.9252,37316.4288,6.29%
96,12,68173.2368,27398.1831,40775.0537,42040.4736,3.10%
96,13,65995.1040,27398.1831,38596.9209,40928.7228,6.04%
96,14,71260.2296,27398.1831,43862.0465,47363.2477,7.98%
96,15,71554.3854,27398.1831,44156.2023,46340.6874,4.95%
96,16,72084.7150,27398.1831,44686.5319,46806.1379,4.74%
96,17,75202.5619,27398.1831,47804.3788,50817.1867,6.30%
96,18,77762.9201,27398.1831,50364.7370,53571.9442,6.37%
96,19,78090.5904,27398.1831,50692.4073,52687.6491,3.94%
96,20,81300.9272,27398.1831,53902.7441,55909.1460,3.72%
96,21,81357.2873,27398.1831,53959.1042,55972.3923,3.73%
96,22,81451.3783,27398.1831,54053.1952,56017.4733,3.63%
96,23,85783.8789,27398.1831,58385.6958,60455.1113,3.54%
96,24,86180.8820,27398.1831,58782.6989,60745.2975,3.34%
96,25,91014.7600,27398.1831,63616.5770,64158.7555,0.85%
96,26,90781.2588,27398.1831,63383.0757,65602.4686,3.50%
96,27,97752.2938,27398.1831,70354.1107,70895.5970,0.77%
96,28,99927.3219,27398.1831,72529.1388,73307.0702,1.07%
96,29,98816.7903,27398.1831,71418.6072,71919.0381,0.70%
96,30,98878.1262,27398.1831,71479.9431,71983.3818,0.70%
96,31,99756.7731,27398.1831,72358.5900,72847.2649,0.68%
96,32,98177.8713,27398.1831,70779.6882,71151.8470,0.53%
96,33,100884.0441,27398.1831,73485.8610,73767.4169,0.38%
96,34,101135.3641,27398.1831,73737.1810,73981.6001,0.33%
96,35,27398.1831,27398.1831,0.0000,3132.7601,0.00%
96,36,29034.7264,27398.1831,1636.5433,3454.0460,111.06%
96,37,28577.9493,27398.1831,1179.7662,4675.6386,296.32%
96,38,34710.7003,27398.1831,7312.5172,9629.5863,31.69%
96,39,40526.9017,27398.1831,13128.7186,14514.1637,10.55%
96,40,41859.0680,27398.1831,14460.8850,15933.7193,10.18%
96,41,47884.9452,27398.1831,20486.7621,21231.9534,3.64%
96,42,52702.1135,27398.1831,25303.9304,28200.2628,11.45%
96,43,55369.8636,27398.1831,27971.6805,30350.3493,8.50%
96,44,57783.3598,27398.1831,30385.1767,31137.2140,2.48%
96,45,58061.9865,27398.1831,30663.8034,31416.1673,2.45%
96,46,58178.6230,27398.1831,30780.4399,31536.9093,2.46%
96,47,58317.9424,27398.1831,30919.7593,31658.3385,2.39%
96,48,58689.3305,27398.1831,31291.1474,32022.2010,2.34%
96,49,58329.3625,27398.1831,30931.1794,33709.9639,8.98%
96,50,61083.5155,27398.1831,33685.3324,36901.3487,9.55%
96,51,61537.7003,27398.1831,34139.5172,36088.7629,5.71%
96,52,61889.6134,27398.1831,34491.4303,36402.5668,5.54%
96,53,75931.9805,27398.1831,48533.7974,49719.8435,2.44%
96,54,75099.5634,27398.1831,47701.3803,49780.9798,4.36%
96,55,76890.5756,27398.1831,49492.3925,51612.9869,4.28%
96,56,81550.7855,27398.1831,54152.6024,56109.8446,3.61%
96,57,83394.2136,27398.1831,55996.0305,57964.8239,3.52%
96,58,86965.0879,27398.1831,59566.9048,63068.1060,5.88%
96,59,87833.0808,27398.1831,60434.8977,62521.1742,3.45%
96,60,92679.2964,27398.1831,65281.1133,68782.3145,5.36%
96,61,93350.5081,27398.1831,65952.3250,66291.4122,0.51%
96,62,97224.3332,27398.1831,69826.1501,70367.4382,0.78%
96,63,96965.6628,27398.1831,69567.4797,70012.0006,0.64%
96,64,99182.6015,27398.1831,71784.4184,72253.4976,0.65%
96,65,99235.0857,27398.1831,71836.9026,72302.1891,0.65%
96,66,99103.0604,27398.1831,71704.8773,71981.6978,0.39%
96,67,100342.3766,27398.1831,72944.1935,73226.5695,0.39%
96,68,100973.4261,27398.1831,73575.2430,73742.5801,0.23%
96,69,27398.1831,27398.1831,0.0000,2299.0709,0.00%
96,70,27398.1831,27398.1831,0.0000,3560.1430,0.00%
96,71,27398.1831,27398.1831,0.0000,3364.3200,0.00%
96,72,28107.4159,27398.1831,709.2328,4074.5645,474.50%
96,73,28697.9089,27398.1831,1299.7258,3745.9442,188.21%
96,74,36541.9705,27398.1831,9143.7874,11274.1366,23.30%
96,75,45623.4483,27398.1831,18225.2652,19138.7646,5.01%
96,76,48360.0999,27398.1831,20961.9168,21073.2752,0.53%
96,77,58171.7873,27398.1831,30773.6042,33022.9139,7.31%
96,78,58816.0941,27398.1831,31417.9110,32135.2528,2.28%
96,79,66322.5859,27398.1831,38924.4028,41211.3114,5.88%
96,80,70804.6388,27398.1831,43406.4557,46907.6569,8.07%
96,81,73157.6910,27398.1831,45759.5079,48700.1753,6.43%
96,82,75743.3275,27398.1831,48345.1444,51390.1438,6.30%
96,83,82255.7705,27398.1831,54857.5874,56860.6082,3.65%
96,84,82413.4791,27398.1831,55015.2960,56946.8482,3.51%
96,85,85456.2279,27398.1831,58058.0448,58768.4869,1.22%
96,86,82874.8000,27398.1831,55476.6169,57471.6720,3.60%
96,87,83609.9830,27398.1831,56211.7999,58102.8255,3.36%
96,88,83671.7317,27398.1831,56273.5486,58217.3857,3.45%
96,89,86658.9424,27398.1831,59260.7593,61615.8730,3.97%
96,90,88947.7470,27398.1831,61549.5639,65050.7651,5.69%
96,91,91105.9124,27398.1831,63707.7293,64163.2885,0.72%
96,92,89840.9879,27398.1831,62442.8048,64385.6745,3.11%
96,93,96328.2098,27398.1831,68930.0267,69604.6992,0.98%
96,94,98453.6761,27398.1831,71055.4930,71456.7665,0.56%
96,95,102807.5569,27398.1831,75409.3738,75852.1732,0.59%
96,96,27398.1831,27398.1831,0.0000,14275.8769,0.00%
96,97,27398.1831,27398.1831,0.0000,2416.2462,0.00%
96,98,27398.1831,27398.1831,0.0000,2189.5315,0.00%
96,99,27398.1831,27398.1831,0.0000,1912.8317,0.00%
96,100,27398.1831,27398.1831,0.0000,5436.9619,0.00%
79,1,29895.8022,20894.6693,9001.1329,10864.3346,20.70%
79,2,29477.3161,20894.6693,8582.6468,10445.6984,21.71%
79,3,26021.4567,20894.6693,5126.7874,11114.0975,116.78%
79,4,30951.3591,20894.6693,10056.6898,16254.5520,61.63%
79,5,63182.6924,20894.6693,42288.0231,46189.4810,9.23%
79,6,49819.3868,20894.6693,28924.7175,32922.1942,13.82%
79,7,48222.1441,20894.6693,27327.4748,31307.4473,14.56%
79,8,43975.6027,20894.6693,23080.9334,27055.4304,17.22%
79,9,40566.1183,20894.6693,19671.4490,23598.1919,19.96%
79,10,20894.6693,20894.6693,0.0000,4247.1193,0.00%
79,11,20894.6693,20894.6693,0.0000,1832.1366,0.00%
79,12,36000.3527,20894.6693,15105.6834,15547.6523,2.93%
79,13,20894.6693,20894.6693,0.0000,1014.3845,0.00%
79,14,22577.1222,20894.6693,1682.4529,4026.1729,139.30%
79,15,20894.6693,20894.6693,0.0000,7262.1489,0.00%
79,16,20894.6693,20894.6693,0.0000,7650.8718,0.00%
79,17,22940.2867,20894.6693,2045.6174,8265.5156,304.06%
79,18,26164.4717,20894.6693,5269.8024,11269.6252,113.85%
79,19,26095.3519,20894.6693,5200.6826,11354.1612,118.32%
79,20,29168.7596,20894.6693,8274.0903,14490.1740,75.13%
79,21,29206.2052,20894.6693,8311.5359,14532.8614,74.85%
79,22,29443.4384,20894.6693,8548.7690,14737.1873,72.39%
79,23,33233.0510,20894.6693,12338.3817,18335.0022,48.60%
79,24,34028.5886,20894.6693,13133.9192,19295.1885,46.91%
79,25,43657.0643,20894.6693,22762.3950,28342.3909,24.51%
79,26,37761.2271,20894.6693,16866.5578,22824.8546,35.33%
79,27,49763.6756,20894.6693,28869.0063,34047.1157,17.94%
79,28,53433.5831,20894.6693,32538.9138,38137.7727,17.21%
79,29,50487.3440,20894.6693,29592.6747,34650.2931,17.09%
79,30,50563.7044,20894.6693,29669.0350,34726.6535,17.05%
79,31,51293.6723,20894.6693,30399.0030,35456.6214,16.64%
79,32,46731.7432,20894.6693,25837.0739,31902.5183,23.48%
79,33,49663.7633,20894.6693,28769.0940,34735.3062,20.74%
79,34,50030.1920,20894.6693,29135.5227,35048.9021,20.30%
79,35,54580.8254,20894.6693,33686.1561,37587.6140,11.58%
79,36,49909.3380,20894.6693,29014.6687,32933.6881,13.51%
79,37,49369.8618,20894.6693,28475.1925,32448.2634,13.95%
79,38,42094.9172,20894.6693,21200.2479,25186.0762,18.80%
79,39,40780.1097,20894.6693,19885.4404,24023.7296,20.81%
79,40,40421.1456,20894.6693,19526.4763,23620.9541,20.97%
79,41,33969.0285,20894.6693,13074.3592,16594.6862,26.93%
79,42,25647.0865,20894.6693,4752.4172,8653.8751,82.09%
79,43,22730.3343,20894.6693,1835.6650,4897.4075,166.79%
79,44,31166.9156,20894.6693,10272.2463,12128.3932,18.07%
79,45,31063.6465,20894.6693,10168.9772,12028.2551,18.28%
79,46,31053.3371,20894.6693,10158.6678,12019.1194,18.31%
79,47,30860.7230,20894.6693,9966.0537,11827.5268,18.68%
79,48,30670.0637,20894.6693,9775.3944,11639.3300,19.07%
79,49,20894.6693,20894.6693,0.0000,6094.7331,0.00%
79,50,21473.5095,20894.6693,578.8402,2644.5896,356.88%
79,51,20894.6693,20894.6693,0.0000,3092.7337,0.00%
79,52,21008.7830,20894.6693,114.1136,2671.3298,2240.94%
79,53,38564.4953,20894.6693,17669.8260,18336.5270,3.77%
79,54,22931.6890,20894.6693,2037.0197,8196.2172,302.36%
79,55,24575.5026,20894.6693,3680.8333,9954.0932,170.43%
79,56,29563.9912,20894.6693,8669.3219,14854.0658,71.34%
79,57,31328.9455,20894.6693,10434.2762,16644.9512,59.52%
79,58,35281.0011,20894.6693,14386.3318,20532.6010,42.72%
79,59,35171.3753,20894.6693,14276.7060,20192.5394,41.44%
79,60,41164.2724,20894.6693,20269.6031,26341.8195,29.96%
79,61,42090.2395,20894.6693,21195.5702,27128.8465,27.99%
79,62,49274.2647,20894.6693,28379.5954,33582.3597,18.33%
79,63,48409.0061,20894.6693,27514.3368,32571.9553,18.38%
79,64,50633.8430,20894.6693,29739.1737,34796.7921,17.01%
79,65,50659.7774,20894.6693,29765.1081,34822.7265,16.99%
79,66,47928.1172,20894.6693,27033.4478,32966.5688,21.95%
79,67,49128.2468,20894.6693,28233.5775,34193.5769,21.11%
79,68,50729.4002,20894.6693,29834.7308,35378.6172,18.58%
79,69,58546.4733,20894.6693,37651.8040,41591.0353,10.46%
79,70,55008.6669,20894.6693,34113.9975,38015.4555,11.44%
79,71,53419.9112,20894.6693,32525.2418,36467.8104,12.12%
79,72,50460.0280,20894.6693,29565.3587,33566.7391,13.53%
79,73,50874.3225,20894.6693,29979.6531,33957.1658,13.27%
79,74,45526.4300,20894.6693,24631.7606,28563.1874,15.96%
79,75,35981.7728,20894.6693,15087.1035,18876.5008,25.12%
79,76,30839.6103,20894.6693,9944.9410,13766.3011,38.43%
79,77,20894.6693,20894.6693,0.0000,6339.0595,0.00%
79,78,30516.0555,20894.6693,9621.3862,11485.8668,19.38%
79,79,20894.6693,20894.6693,0.0000,1253.0411,0.00%
79,80,22329.8692,20894.6693,1435.1999,3970.5089,176.65%
79,81,20894.6693,20894.6693,0.0000,8335.0309,0.00%
79,82,23558.1566,20894.6693,2663.4873,8845.1339,232.09%
79,83,30117.3174,20894.6693,9222.6481,15444.8784,67.47%
79,84,30491.1758,20894.6693,9596.5065,15774.5937,64.38%
79,85,40320.3564,20894.6693,19425.6871,24895.3218,28.16%
79,86,30745.4940,20894.6693,9850.8247,16070.8115,63.14%
79,87,31799.8201,20894.6693,10905.1508,17071.9923,56.55%
79,88,31675.0955,20894.6693,10780.4261,16978.9556,57.50%
79,89,33545.7260,20894.6693,12651.0567,18649.7621,47.42%
79,90,37397.3174,20894.6693,16502.6481,22570.8765,36.77%
79,91,43118.0312,20894.6693,22223.3619,27578.4277,24.10%
79,92,37627.4482,20894.6693,16732.7789,22828.8421,36.43%
79,93,49391.3612,20894.6693,28496.6919,34050.8973,19.49%
79,94,49540.0825,20894.6693,28645.4132,33703.0316,17.66%
79,95,53903.8485,20894.6693,33009.1792,38083.6300,15.37%
79,96,73077.9046,20894.6693,52183.2353,55395.9407,6.16%
79,97,58669.6068,20894.6693,37774.9375,41703.2135,10.40%
79,98,57515.2185,20894.6693,36620.5492,40522.0071,10.65%
79,99,58161.8327,20894.6693,37267.1633,41197.8676,10.55%
79,100,52302.7036,20894.6693,31408.0343,35309.4922,12.42%
44,1,14596.9894,14596.9894,-0.0000,1397.1321,0.00%
44,2,14596.9894,14596.9894,-0.0000,1586.5222,0.00%
44,3,33834.3091,14596.9894,19237.3197,21821.4699,13.43%
44,4,39091.9842,14596.9894,24494.9948,26941.0015,9.99%
44,5,48187.8052,14596.9894,33590.8158,42059.7997,25.21%
44,6,35404.2066,14596.9894,20807.2173,29557.4350,42.05%
44,7,33034.3968,14596.9894,18437.4074,27062.6586,46.78%
44,8,29384.8563,14596.9894,14787.8670,23652.5728,59.95%
44,9,25922.3787,14596.9894,11325.3893,20225.0183,78.58%
44,10,26619.8944,14596.9894,12022.9051,18342.9431,52.57%
44,11,22551.5518,14596.9894,7954.5625,12633.7312,58.82%
44,12,24306.0565,14596.9894,9709.0672,10876.2236,12.02%
44,13,28340.1649,14596.9894,13743.1756,18662.2272,35.79%
44,14,27369.2071,14596.9894,12772.2178,15413.5683,20.68%
44,15,29473.0315,14596.9894,14876.0421,17641.3196,18.59%
44,16,29621.2539,14596.9894,15024.2645,17523.4224,16.63%
44,17,32363.8541,14596.9894,17766.8648,20309.3089,14.31%
44,18,33980.3146,14596.9894,19383.3253,21959.2476,13.29%
44,19,34592.9878,14596.9894,19995.9985,22733.3842,13.69%
44,20,37683.0513,14596.9894,23086.0619,25700.4504,11.32%
44,21,37762.1094,14596.9894,23165.1201,25791.4898,11.34%
44,22,37675.9676,14596.9894,23078.9782,25600.7246,10.93%
44,23,42215.7897,14596.9894,27618.8003,30198.4348,9.34%
44,24,42235.4460,14596.9894,27638.4567,30004.4595,8.56%
44,25,45467.7585,14596.9894,30870.7692,32238.9757,4.43%
44,26,47594.5871,14596.9894,32997.5977,35714.3450,8.23%
44,27,52209.4947,14596.9894,37612.5053,38975.9948,3.63%
44,28,54409.5671,14596.9894,39812.5777,41177.6279,3.43%
44,29,53266.6653,14596.9894,38669.6759,40003.2064,3.45%
44,30,53328.4376,14596.9894,38731.4482,40067.1723,3.45%
44,31,54205.9615,14596.9894,39608.9721,40933.5944,3.34%
44,32,53275.7749,14596.9894,38678.7855,40437.3985,4.55%
44,33,55800.0823,14596.9894,41203.0930,42715.5317,3.67%
44,34,55990.2360,14596.9894,41393.2466,42858.9702,3.54%
44,35,40588.7198,14596.9894,25991.7304,34744.9889,33.68%
44,36,33361.2802,14596.9894,18764.2908,27336.8535,45.69%
44,37,33913.3475,14596.9894,19316.3582,27859.0267,44.23%
44,38,28209.5456,14596.9894,13612.5562,22680.3417,66.61%
44,39,21952.5257,14596.9894,7355.5363,16562.3896,125.17%
44,40,21275.5292,14596.9894,6678.5399,16102.7613,141.11%
44,41,14596.9894,14596.9894,-0.0000,10252.4202,0.00%
44,42,24338.4077,14596.9894,9741.4183,18183.9630,86.67%
44,43,20080.3889,14596.9894,5483.3995,13088.1367,138.69%
44,44,14596.9894,14596.9894,-0.0000,278.7370,0.00%
44,45,14596.9894,14596.9894,-0.0000,1.7609,0.00%
44,46,14596.9894,14596.9894,-0.0000,121.0229,0.00%
44,47,14596.9894,14596.9894,-0.0000,89.5844,0.00%
44,48,14596.9894,14596.9894,-0.0000,290.0762,0.00%
44,49,25076.5291,14596.9894,10479.5397,18211.1022,73.78%
44,50,19893.3937,14596.9894,5296.4044,9736.5238,83.83%
44,51,20429.5237,14596.9894,5832.5343,10298.3195,76.57%
44,52,20442.5850,14596.9894,5845.5956,9719.8728,66.28%
44,53,31380.5197,14596.9894,16783.5304,18047.7280,7.53%
44,54,32155.7735,14596.9894,17558.7841,20123.2286,14.60%
44,55,33983.5883,14596.9894,19386.5989,21993.6009,13.45%
44,56,37746.6436,14596.9894,23149.6542,25653.2804,10.81%
44,57,39559.6020,14596.9894,24962.6127,27424.0531,9.86%
44,58,42584.8682,14596.9894,27987.8788,30036.1167,7.32%
44,59,44256.1410,14596.9894,29659.1517,32209.6790,8.60%
44,60,47946.5236,14596.9894,33349.5343,35132.2330,5.35%
44,61,48421.4165,14596.9894,33824.4271,35471.0599,4.87%
44,62,51681.1419,14596.9894,37084.1525,38447.7927,3.68%
44,63,51412.5876,14596.9894,36815.5982,38162.9347,3.66%
44,64,53630.3213,14596.9894,39033.3319,40356.2613,3.39%
44,65,53682.7654,14596.9894,39085.7760,40410.9095,3.39%
44,66,54019.9726,14596.9894,39422.9832,40940.4573,3.85%
44,67,55262.4142,14596.9894,40665.4249,42182.1302,3.73%
44,68,55557.1834,14596.9894,40960.1941,42442.7001,3.62%
44,69,41651.3248,14596.9894,27054.3354,35825.2469,32.42%
44,70,40985.7269,14596.9894,26388.7376,35130.5218,33.13%
44,71,36667.2245,14596.9894,22070.2351,30749.1094,39.32%
44,72,36274.4355,14596.9894,21677.4462,30459.6959,40.51%
44,73,34145.9822,14596.9894,19548.9929,28185.2152,44.18%
44,74,27053.3480,14596.9894,12456.3587,21587.6976,73.31%
44,75,16622.7550,14596.9894,2025.7656,11628.4328,474.03%
44,76,14596.9894,14596.9894,-0.0000,10846.4877,0.00%
44,77,25269.7826,14596.9894,10672.7932,18355.6873,71.99%
44,78,14596.9894,14596.9894,-0.0000,175.4220,0.00%
44,79,28841.6553,14596.9894,14244.6659,19195.6496,34.76%
44,80,26995.0837,14596.9894,12398.0943,14941.4801,20.51%
44,81,30841.7909,14596.9894,16244.8015,18807.4338,15.78%
44,82,32723.8611,14596.9894,18126.8717,20728.3711,14.35%
44,83,38584.7260,14596.9894,23987.7367,26557.7769,10.71%
44,84,38488.1726,14596.9894,23891.1832,26312.2866,10.13%
44,85,39892.0842,14596.9894,25295.0949,26666.0346,5.42%
44,86,39150.6767,14596.9894,24553.6874,27084.9977,10.31%
44,87,39512.1873,14596.9894,24915.1979,27219.5862,9.25%
44,88,39743.3739,14596.9894,25146.3846,27550.2235,9.56%
44,89,44180.9407,14596.9894,29583.9513,32293.8592,9.16%
44,90,44358.2479,14596.9894,29761.2585,31657.0593,6.37%
44,91,45549.2716,14596.9894,30952.2822,32293.1553,4.33%
44,92,45740.3673,14596.9894,31143.3780,33334.1420,7.03%
44,93,50777.0914,14596.9894,36180.1020,37556.1716,3.80%
44,94,52906.9129,14596.9894,38309.9236,39672.7929,3.56%
44,95,57257.6772,14596.9894,42660.6878,44005.7699,3.15%
44,96,57473.6417,14596.9894,42876.6523,51437.4777,19.97%
44,97,41794.2492,14596.9894,27197.2599,35964.0356,32.23%
44,98,41808.9298,14596.9894,27211.9404,35685.1933,31.14%
44,99,41293.6387,14596.9894,26696.6493,35457.0279,32.81%
44,100,38369.3106,14596.9894,23772.3213,32570.1083,37.01%
90,1,39883.7846,13445.4884,26438.2962,28095.8785,6.27%
90,2,39613.6092,13445.4884,26168.1208,27838.5706,6.38%
90,3,19120.0552,13445.4884,5674.5668,7309.3677,28.81%
90,4,13979.0975,13445.4884,533.6091,2113.2389,296.03%
90,5,84141.2890,13445.4884,70695.8007,72267.3905,2.22%
90,6,70719.1006,13445.4884,57273.6122,58826.9626,2.71%
90,7,68861.3491,13445.4884,55415.8607,57016.4654,2.89%
90,8,64648.8002,13445.4884,51203.3118,52781.5154,3.08%
90,9,61057.9071,13445.4884,47612.4187,49205.0261,3.34%
90,10,36589.2698,13445.4884,23143.7814,24589.7327,6.25%
90,11,34444.7843,13445.4884,20999.2959,22512.9781,7.21%
90,12,39070.8644,13445.4884,25625.3760,27139.0582,5.91%
90,13,33065.7065,13445.4884,19620.2181,20995.3351,7.01%
90,14,25629.2686,13445.4884,12183.7803,13899.5268,14.08%
90,15,25495.7959,13445.4884,12050.3075,13563.9896,12.56%
90,16,24826.9081,13445.4884,11381.4198,12895.1019,13.30%
90,17,21747.2969,13445.4884,8301.8085,9815.4906,18.23%
90,18,18964.9054,13445.4884,5519.4170,7154.4888,29.62%
90,19,18731.3221,13445.4884,5285.8337,6839.3353,29.39%
90,20,15670.8326,13445.4884,2225.3442,3739.0264,68.02%
90,21,15625.7914,13445.4884,2180.3030,3693.9852,69.43%
90,22,15384.2508,13445.4884,1938.7625,3460.9845,78.52%
90,23,13445.4884,13445.4884,0.0000,953.3053,0.00%
90,24,13445.4884,13445.4884,0.0000,759.6801,0.00%
90,25,23597.4662,13445.4884,10151.9778,12687.5597,24.98%
90,26,16033.1448,13445.4884,2587.6565,2619.0113,1.21%
90,27,25662.4776,13445.4884,12216.9893,14615.4587,19.63%
90,28,30570.9071,13445.4884,17125.4187,19523.8881,14.01%
90,29,25619.2148,13445.4884,12173.7264,14572.1958,19.70%
90,30,25700.3318,13445.4884,12254.8434,14653.3129,19.57%
90,31,26016.9667,13445.4884,12571.4784,14969.9478,19.08%
90,32,17831.3725,13445.4884,4385.8841,6784.3536,54.69%
90,33,20744.1537,13445.4884,7298.6653,10738.6334,47.13%
90,34,21154.1685,13445.4884,7708.6801,11195.2349,45.23%
90,35,75666.1966,13445.4884,62220.7083,63737.9983,2.44%
90,36,70006.8151,13445.4884,56561.3267,58214.8348,2.92%
90,37,69948.9830,13445.4884,56503.4947,58118.1920,2.86%
90,38,62863.0499,13445.4884,49417.5615,50968.6391,3.14%
90,39,58851.3361,13445.4884,45405.8477,47101.2188,3.73%
90,40,57999.7517,13445.4884,44554.2634,46259.0205,3.83%
90,41,50669.4312,13445.4884,37223.9429,38927.0378,4.58%
90,42,46289.6815,13445.4884,32844.1932,34357.8753,4.61%
90,43,41761.2101,13445.4884,28315.7218,29829.4039,5.35%
90,44,42076.6342,13445.4884,28631.1458,30315.2048,5.88%
90,45,41845.1446,13445.4884,28399.6562,30109.8986,6.02%
90,46,41768.0086,13445.4884,28322.5202,30029.6061,6.03%
90,47,41564.0179,13445.4884,28118.5295,29827.3420,6.08%
90,48,41216.8512,13445.4884,27771.3628,29475.0209,6.13%
90,49,40654.0732,13445.4884,27208.5848,28722.2670,5.56%
90,50,35705.6475,13445.4884,22260.1591,23894.8269,7.34%
90,51,35250.2086,13445.4884,21804.7203,23431.0281,7.46%
90,52,34894.3951,13445.4884,21448.9068,23082.3798,7.62%
90,53,35523.0684,13445.4884,22077.5800,23622.8324,7.00%
90,54,21789.0622,13445.4884,8343.5738,9857.2560,18.14%
90,55,20170.5881,13445.4884,6725.0998,8238.7819,22.51%
90,56,15262.8820,13445.4884,1817.3936,3350.8709,84.38%
90,57,13746.5886,13445.4884,301.1002,1814.7824,502.72%
90,58,13445.4884,13445.4884,0.0000,1474.7478,0.00%
90,59,13445.4884,13445.4884,0.0000,1116.4596,0.00%
90,60,13445.4884,13445.4884,0.0000,2673.2151,0.00%
90,61,13445.4884,13445.4884,0.0000,3756.0341,0.00%
90,62,25393.2860,13445.4884,11947.7977,14346.2671,20.07%
90,63,23750.6124,13445.4884,10305.1240,12703.5934,23.27%
90,64,25372.9643,13445.4884,11927.4759,14325.9453,20.11%
90,65,25349.7974,13445.4884,11904.3090,15208.2723,27.75%
90,66,19039.1007,13445.4884,5593.6123,9077.9717,62.29%
90,67,20212.6433,13445.4884,6767.1550,10215.3479,50.95%
90,68,22844.4509,13445.4884,9398.9626,13081.1447,39.18%
90,69,78555.6379,13445.4884,65110.1495,66774.0265,2.56%
90,70,76094.7187,13445.4884,62649.2304,64167.4878,2.42%
90,71,73460.4720,13445.4884,60014.9836,61673.7607,2.76%
90,72,71428.0672,13445.4884,57982.5789,59521.1699,2.65%
90,73,70887.0111,13445.4884,57441.5227,59098.9585,2.89%
90,74,64028.0542,13445.4884,50582.5658,52276.3617,3.35%
90,75,53163.6244,13445.4884,39718.1360,41419.3899,4.28%
90,76,48904.7940,13445.4884,35459.3056,37126.6707,4.70%
90,77,40959.5646,13445.4884,27514.0763,29026.1783,5.50%
90,78,41043.0576,13445.4884,27597.5692,29302.2547,6.18%
90,79,33019.1931,13445.4884,19573.7047,20916.5839,6.86%
90,80,26060.2821,13445.4884,12614.7937,14324.7491,13.56%
90,81,23920.2756,13445.4884,10474.7872,11988.4694,14.45%
90,82,21148.4195,13445.4884,7702.9311,9216.6133,19.65%
90,83,14769.8633,13445.4884,1324.3749,2838.0571,114.29%
90,84,14363.7955,13445.4884,918.3072,2489.7443,171.12%
90,85,26836.7488,13445.4884,13391.2605,14800.5625,10.52%
90,86,14210.4038,13445.4884,764.9154,2278.5976,197.89%
90,87,13445.4884,13445.4884,0.0000,2027.5932,0.00%
90,88,13445.4884,13445.4884,0.0000,1770.5712,0.00%
90,89,16786.6924,13445.4884,3341.2040,3457.4928,3.48%
90,90,13445.4884,13445.4884,0.0000,1116.4596,0.00%
90,91,22182.9241,13445.4884,8737.4358,11273.0176,29.02%
90,92,13445.4884,13445.4884,0.0000,1918.7375,0.00%
90,93,27151.3323,13445.4884,13705.8439,16104.3133,17.50%
90,94,23937.3732,13445.4884,10491.8848,12890.3542,22.86%
90,95,27513.1615,13445.4884,14067.6731,16466.1426,17.05%
90,96,93916.3791,13445.4884,80470.8908,82084.6488,2.01%
90,97,78693.5421,13445.4884,65248.0538,66911.4912,2.55%
90,98,78158.4482,13445.4884,64712.9598,66338.2373,2.51%
90,99,78185.6971,13445.4884,64740.2087,66403.2902,2.57%
90,100,73360.5833,13445.4884,59915.0949,61434.2695,2.54%
9,1,38324.2951,21037.0468,17287.2483,21090.6525,22.00%
9,2,38361.6419,21037.0468,17324.5952,21046.3152,21.48%
9,3,56585.2303,21037.0468,35548.1835,37975.8965,6.83%
9,4,61946.5719,21037.0468,40909.5252,43334.3962,5.93%
9,5,33068.2420,21037.0468,12031.1953,13035.0318,8.34%
9,6,21037.0468,21037.0468,-0.0000,4295.4313,0.00%
9,7,21037.0468,21037.0468,-0.0000,2767.0352,0.00%
9,8,21037.0468,21037.0468,-0.0000,5858.0201,0.00%
9,9,21037.0468,21037.0468,-0.0000,6163.9359,0.00%
9,10,43517.1049,21037.0468,22480.0581,26440.2635,17.62%
9,11,42205.8318,21037.0468,21168.7850,24235.6527,14.49%
9,12,46610.0713,21037.0468,25573.0245,27889.2276,9.06%
9,13,46681.8682,21037.0468,25644.8214,29523.1031,15.12%
9,14,50123.0723,21037.0468,29086.0256,31660.0712,8.85%
9,15,51002.5989,21037.0468,29965.5521,32738.5958,9.25%
9,16,51420.8420,21037.0468,30383.7953,33039.6077,8.74%
9,17,54473.7982,21037.0468,33436.7514,36015.9077,7.71%
9,18,56738.5350,21037.0468,35701.4882,38131.4242,6.81%
9,19,57170.8869,21037.0468,36133.8401,38634.3737,6.92%
9,20,60367.5467,21037.0468,39330.4999,41734.3856,6.11%
9,21,60432.7968,21037.0468,39395.7501,41799.6358,6.10%
9,22,60460.5743,21037.0468,39423.5276,41827.4133,6.10%
9,23,64902.3681,21037.0468,43865.3213,46269.2070,5.48%
9,24,65154.3747,21037.0468,44117.3280,46557.5220,5.53%
9,25,69218.1664,21037.0468,48181.1196,51144.1002,6.15%
9,26,70082.1272,21037.0468,49045.0804,51620.0990,5.25%
9,27,75948.1643,21037.0468,54911.1176,57877.3256,5.40%
9,28,78111.9115,21037.0468,57074.8648,59804.4983,4.78%
9,29,77019.6999,21037.0468,55982.6531,58991.1253,5.37%
9,30,77080.3233,21037.0468,56043.2765,59048.6850,5.36%
9,31,77961.4049,21037.0468,56924.3581,59945.0218,5.31%
9,32,76775.2340,21037.0468,55738.1872,58674.9667,5.27%
9,33,79395.1737,21037.0468,58358.1269,61429.5880,5.26%
9,34,79615.9011,21037.0468,58578.8543,61701.7547,5.33%
9,35,25846.1607,21037.0468,4809.1140,6844.1046,42.32%
9,36,21037.0468,21037.0468,-0.0000,5108.7016,0.00%
9,37,21037.0468,21037.0468,-0.0000,2793.7559,0.00%
9,38,21037.0468,21037.0468,-0.0000,4594.8498,0.00%
9,39,21037.0468,21037.0468,-0.0000,2722.3026,0.00%
9,40,21037.0468,21037.0468,-0.0000,3731.9840,0.00%
9,41,26533.8282,21037.0468,5496.7814,8019.5287,45.89%
9,42,35222.1231,21037.0468,14185.0763,17307.1942,22.01%
9,43,35738.2829,21037.0468,14701.2361,18465.3463,25.60%
9,44,36106.9031,21037.0468,15069.8563,17719.0153,17.58%
9,45,36381.8345,21037.0468,15344.7877,17995.5563,17.27%
9,46,36496.7022,21037.0468,15459.6554,18105.9589,17.12%
9,47,36635.6012,21037.0468,15598.5544,18268.9409,17.12%
9,48,37003.0401,21037.0468,15965.9933,18648.5320,16.80%
9,49,39873.4986,21037.0468,18836.4518,22743.6211,20.74%
9,50,40319.5401,21037.0468,19282.4934,21981.3233,14.00%
9,51,40831.1712,21037.0468,19794.1245,22959.5152,15.99%
9,52,41114.9288,21037.0468,20077.8820,22627.4324,12.70%
9,53,54288.4196,21037.0468,33251.3728,35561.2183,6.95%
9,54,54333.2418,21037.0468,33296.1950,35835.3793,7.63%
9,55,56164.2083,21037.0468,35127.1615,37704.8152,7.34%
9,56,60549.9913,21037.0468,39512.9445,41918.2482,6.09%
9,57,62394.5745,21037.0468,41357.5278,43763.4473,5.82%
9,58,65768.5346,21037.0468,44731.4878,47381.5630,5.92%
9,59,66960.8897,21037.0468,45923.8429,48327.7286,5.23%
9,60,71347.6065,21037.0468,50310.5597,53144.5292,5.63%
9,61,71931.8506,21037.0468,50894.8038,53857.4808,5.82%
9,62,75420.7564,21037.0468,54383.7096,57349.9442,5.45%
9,63,75184.5747,21037.0468,54147.5279,57213.2641,5.66%
9,64,77392.5278,21037.0468,56355.4810,59396.1162,5.40%
9,65,77445.9232,21037.0468,56408.8764,59954.9699,6.29%
9,66,77614.3448,21037.0468,56577.2980,59649.3406,5.43%
9,67,78855.4026,21037.0468,57818.3558,60886.9277,5.31%
9,68,79305.3918,21037.0468,58268.3450,61584.7517,5.69%
9,69,28629.7183,21037.0468,7592.6715,9141.6372,20.40%
9,70,26210.2054,21037.0468,5173.1586,7173.2997,38.66%
9,71,23926.2696,21037.0468,2889.2228,3596.2227,24.47%
9,72,21940.1852,21037.0468,903.1384,3279.9134,263.17%
9,73,21734.8207,21037.0468,697.7739,3287.8642,371.19%
9,74,21037.0468,21037.0468,-0.0000,7487.6583,0.00%
9,75,24414.0910,21037.0468,3377.0442,5520.1759,63.46%
9,76,27556.7186,21037.0468,6519.6718,8995.0999,37.97%
9,77,39827.0942,21037.0468,18790.0475,22197.1682,18.13%
9,78,37129.6858,21037.0468,16092.6390,18793.6260,16.78%
9,79,47090.6070,21037.0468,26053.5602,29988.1471,15.10%
9,80,49686.0506,21037.0468,28649.0038,31198.5394,8.90%
9,81,52566.5257,21037.0468,31529.4790,34257.2207,8.65%
9,82,54961.0570,21037.0468,33924.0102,36444.5675,7.43%
9,83,61310.0730,21037.0468,40273.0262,42738.3162,6.12%
9,84,61373.0449,21037.0468,40335.9981,42789.1089,6.08%
9,85,63651.6961,21037.0468,42614.6493,45397.2606,6.53%
9,86,61913.6279,21037.0468,40876.5811,43280.4668,5.88%
9,87,62510.6427,21037.0468,41473.5959,43999.1476,6.09%
9,88,62637.9453,21037.0468,41600.8986,44047.2328,5.88%
9,89,66206.0355,21037.0468,45168.9887,47988.2190,6.24%
9,90,67670.5654,21037.0468,46633.5186,49391.5169,5.91%
9,91,69329.4627,21037.0468,48292.4159,51346.2237,6.32%
9,92,68768.5005,21037.0468,47731.4537,50229.2369,5.23%
9,93,74511.9241,21037.0468,53474.8774,56304.8604,5.29%
9,94,76684.0456,21037.0468,55646.9988,58757.4121,5.59%
9,95,81020.9223,21037.0468,59983.8755,63051.6146,5.11%
9,96,42563.9728,21037.0468,21526.9260,22069.2921,2.52%
9,97,28718.1034,21037.0468,7681.0567,9195.6754,19.72%
9,98,27143.5733,21037.0468,6106.5265,6477.8541,6.08%
9,99,28252.4068,21037.0468,7215.3600,8775.1444,21.62%
9,100,23872.8068,21037.0468,2835.7600,4945.4186,74.39%
53,1,35348.5163,35348.5163,-0.0000,401.8987,0.00%
53,2,35348.5163,35348.5163,-0.0000,591.2887,0.00%
53,3,40143.4230,35348.5163,4794.9067,17526.4533,265.52%
53,4,41661.2130,35348.5163,6312.6967,25614.6946,305.76%
53,5,80307.0836,35348.5163,44958.5673,46306.2401,3.00%
53,6,68050.8462,35348.5163,32702.3299,34040.0298,4.09%
53,7,65533.7234,35348.5163,30185.2071,31526.1989,4.44%
53,8,62146.5550,35348.5163,26798.0387,28130.5155,4.97%
53,9,58748.2488,35348.5163,23399.7325,24707.0383,5.59%
53,10,47554.8444,35348.5163,12206.3281,18792.1277,53.95%
53,11,42501.0004,35348.5163,7152.4841,11787.0556,64.80%
53,12,35348.5163,35348.5163,-0.0000,9760.7765,0.00%
53,13,46500.8308,35348.5163,11152.3146,18923.8629,69.69%
53,14,38574.4295,35348.5163,3225.9132,12006.5190,272.19%
53,15,41716.6901,35348.5163,6368.1738,17661.2517,177.34%
53,16,41213.7079,35348.5163,5865.1916,17580.0041,199.73%
53,17,41402.6039,35348.5163,6054.0876,17451.9472,188.27%
53,18,40165.3242,35348.5163,4816.8079,17640.0671,266.22%
53,19,40903.1041,35348.5163,5554.5878,18554.1206,234.03%
53,20,41699.0672,35348.5163,6350.5509,21643.9856,240.82%
53,21,41777.6645,35348.5163,6429.1482,21734.0757,238.06%
53,22,41349.0038,35348.5163,6000.4875,21613.3518,260.19%
53,23,43766.9537,35348.5163,8418.4374,28756.0587,241.58%
53,24,42841.3487,35348.5163,7492.8324,28103.3011,275.07%
53,25,35348.5163,35348.5163,-0.0000,30497.7961,0.00%
53,26,47703.7972,35348.5163,12355.2809,31055.1211,151.35%
53,27,41946.7974,35348.5163,6598.2811,30927.7811,368.72%
53,28,44066.9652,35348.5163,8718.4489,31314.3265,259.17%
53,29,43101.3438,35348.5163,7752.8275,32165.7716,314.89%
53,30,43152.8777,35348.5163,7804.3614,32207.7569,312.69%
53,31,44063.8365,35348.5163,8715.3202,33128.4076,280.12%
53,32,46844.8744,35348.5163,11496.3581,32927.7072,186.42%
53,33,48279.1183,35348.5163,12930.6020,35014.5719,170.79%
53,34,48203.8565,35348.5163,12855.3402,35068.3937,172.79%
53,35,73224.9834,35348.5163,37876.4671,39214.5352,3.53%
53,36,65221.0442,35348.5163,29872.5279,31223.1930,4.52%
53,37,66284.0898,35348.5163,30935.5735,32279.0381,4.34%
53,38,61077.8525,35348.5163,25729.3362,27020.1527,5.02%
53,39,52816.1252,35348.5163,17467.6089,24115.7763,38.06%
53,40,51580.1730,35348.5163,16231.6567,22981.5128,41.58%
53,41,45347.5982,35348.5163,9999.0819,11344.9390,13.46%
53,42,51561.4869,35348.5163,16212.9706,23339.9701,43.96%
53,43,45775.5735,35348.5163,10427.0572,22251.5436,113.40%
53,44,35718.4951,35348.5163,369.9788,1721.2882,365.24%
53,45,35446.8916,35348.5163,98.3753,1455.0573,1379.09%
53,46,35348.5163,35348.5163,-0.0000,1536.4340,0.00%
53,47,35348.5163,35348.5163,-0.0000,1355.2502,0.00%
53,48,35348.5163,35348.5163,-0.0000,996.3063,0.00%
53,49,48884.4404,35348.5163,13535.9241,17855.7460,31.91%
53,50,40729.5000,35348.5163,5380.9837,8869.3121,64.83%
53,51,40899.8215,35348.5163,5551.3052,9305.2725,67.62%
53,52,40540.9736,35348.5163,5192.4573,8989.2764,73.12%
53,53,35348.5163,35348.5163,-0.0000,13299.2718,0.00%
53,54,41168.8881,35348.5163,5820.3718,17154.0712,194.72%
53,55,41790.5266,35348.5163,6442.0104,18751.4448,191.08%
53,56,41309.7564,35348.5163,5961.2402,21687.0239,263.80%
53,57,41934.6845,35348.5163,6586.1682,26097.7463,296.25%
53,58,41786.3174,35348.5163,6437.8011,24826.5835,285.64%
53,59,44807.9514,35348.5163,9459.4351,27486.2310,190.57%
53,60,43567.1546,35348.5163,8218.6383,29284.0132,256.31%
53,61,43099.7994,35348.5163,7751.2831,29375.3279,278.97%
53,62,41424.4207,35348.5163,6075.9044,30423.6906,400.73%
53,63,41459.6095,35348.5163,6111.0932,30689.6133,402.20%
53,64,43568.0599,35348.5163,8219.5436,30968.2219,276.76%
53,65,43634.0509,35348.5163,8285.5346,38723.3002,367.36%
53,66,46747.8142,35348.5163,11399.2979,35015.5534,207.17%
53,67,47825.9647,35348.5163,12477.4484,34501.3014,176.51%
53,68,46557.1061,35348.5163,11208.5898,33915.9351,202.59%
53,69,72798.2458,35348.5163,37449.7295,44182.5081,17.98%
53,70,73606.4519,35348.5163,38257.9356,39596.3973,3.50%
53,71,68195.1056,35348.5163,32846.5893,39548.6513,20.40%
53,72,68954.8210,35348.5163,33606.3047,34943.1209,3.98%
53,73,65840.2359,35348.5163,30491.7196,37105.6466,21.69%
53,74,57638.2643,35348.5163,22289.7480,29039.4925,30.28%
53,75,47516.5532,35348.5163,12168.0369,13519.5781,11.11%
53,76,46251.5416,35348.5163,10903.0253,12198.2475,11.88%
53,77,49202.7614,35348.5163,13854.2451,18158.3121,31.07%
53,78,35348.5163,35348.5163,-0.0000,841.3973,0.00%
53,79,46858.5329,35348.5163,11510.0166,19437.1483,68.87%
53,80,38642.5339,35348.5163,3294.0176,14171.8667,330.23%
53,81,41768.7195,35348.5163,6420.2032,18839.7367,193.44%
53,82,41207.4093,35348.5163,5858.8930,17544.2467,199.45%
53,83,41924.9243,35348.5163,6576.4080,26062.0745,296.30%
53,84,41300.3657,35348.5163,5951.8494,25792.4765,333.35%
53,85,35348.5163,35348.5163,-0.0000,24318.5038,0.00%
53,86,42028.5903,35348.5163,6680.0740,25758.6909,285.60%
53,87,41263.9651,35348.5163,5915.4488,25570.0786,332.26%
53,88,41781.9546,35348.5163,6433.4383,26083.3534,305.43%
53,89,47145.9440,35348.5163,11797.4277,31372.1837,165.92%
53,90,41985.0456,35348.5163,6636.5293,26141.1960,293.90%
53,91,36150.9225,35348.5163,802.4062,24983.9089,3013.62%
53,92,44269.6084,35348.5163,8921.0921,28180.9245,215.89%
53,93,40547.2432,35348.5163,5198.7269,28351.8357,445.36%
53,94,43051.1297,35348.5163,7702.6134,32296.0534,319.29%
53,95,47221.8736,35348.5163,11873.3573,36302.7393,205.75%
53,96,89048.2058,35348.5163,53699.6895,60463.7846,12.60%
53,97,72951.2388,35348.5163,37602.7225,44338.1997,17.91%
53,98,73764.3595,35348.5163,38415.8432,39765.6501,3.51%
53,99,72481.7243,35348.5163,37133.2080,43884.1833,18.18%
53,100,71062.5313,35348.5163,35714.0150,37050.5165,3.74%
50,1,30587.1872,30185.9487,401.2385,8651.3596,2056.16%
50,2,30185.9487,30185.9487,0.0000,9104.8468,0.00%
50,3,35486.4238,30185.9487,5300.4751,11723.1306,121.17%
50,4,40385.4619,30185.9487,10199.5132,16155.0179,58.39%
50,5,68776.2819,30185.9487,38590.3331,41064.3770,6.41%
50,6,55701.7520,30185.9487,25515.8033,27635.3379,8.31%
50,7,53657.9403,30185.9487,23471.9915,25964.4144,10.62%
50,8,49690.0631,30185.9487,19504.1143,21787.4371,11.71%
50,9,46177.9844,30185.9487,15992.0356,18265.2317,14.21%
50,10,30185.9487,30185.9487,0.0000,1359.8960,0.00%
50,11,30185.9487,30185.9487,0.0000,2494.4561,0.00%
50,12,37212.4128,30185.9487,7026.4640,11536.7449,64.19%
50,13,30185.9487,30185.9487,0.0000,5038.1622,0.00%
50,14,30576.0596,30185.9487,390.1109,7860.4647,1914.93%
50,15,30928.8203,30185.9487,742.8715,4902.2334,559.90%
50,16,31092.9702,30185.9487,907.0215,5814.7181,541.08%
50,17,33232.0869,30185.9487,3046.1382,8350.3553,174.13%
50,18,35627.1189,30185.9487,5441.1701,11853.3843,117.85%
50,19,35778.4098,30185.9487,5592.4610,12977.7758,132.06%
50,20,38729.5711,30185.9487,8543.6224,14328.5977,67.71%
50,21,38773.4322,30185.9487,8587.4834,14338.3405,66.97%
50,22,38936.7652,30185.9487,8750.8164,14722.5039,68.24%
50,23,42932.1175,30185.9487,12746.1688,18149.3958,42.39%
50,24,43451.3149,30185.9487,13265.3661,19076.4317,43.81%
50,25,50196.8537,30185.9487,20010.9049,23993.4318,19.90%
50,26,47738.6655,30185.9487,17552.7167,22340.5982,27.28%
50,27,56708.5916,30185.9487,26522.6429,30739.8852,15.90%
50,28,59606.1245,30185.9487,29420.1757,32938.3969,11.96%
50,29,57639.7737,30185.9487,27453.8250,31827.0147,15.93%
50,30,57707.2913,30185.9487,27521.3425,31886.5934,15.86%
50,31,58531.3361,30185.9487,28345.3874,32775.2190,15.63%
50,32,55872.0743,30185.9487,25686.1255,31486.7044,22.58%
50,33,58824.0283,30185.9487,28638.0795,34877.6875,21.79%
50,34,59207.3479,30185.9487,29021.3992,34713.3860,19.61%
50,35,60736.9383,30185.9487,30550.9895,33696.5095,10.30%
50,36,54523.6592,30185.9487,24337.7105,26050.6329,7.04%
50,37,54656.1112,30185.9487,24470.1624,26813.2389,9.58%
50,38,48128.5383,30185.9487,17942.5895,21196.7161,18.14%
50,39,43862.7424,30185.9487,13676.7936,15329.6162,12.08%
50,40,43172.6447,30185.9487,12986.6959,15057.1918,15.94%
50,41,36591.1837,30185.9487,6405.2350,8827.9112,37.82%
50,42,33480.6292,30185.9487,3294.6805,6236.2682,89.28%
50,43,30185.9487,30185.9487,0.0000,5955.8430,0.00%
50,44,31687.8665,30185.9487,1501.9177,8824.8399,487.57%
50,45,31616.9595,30185.9487,1431.0108,8933.1890,524.26%
50,46,31613.7934,30185.9487,1427.8446,9012.0218,531.16%
50,47,31470.0471,30185.9487,1284.0983,8923.5864,594.93%
50,48,31338.5709,30185.9487,1152.6221,9017.5740,682.35%
50,49,30185.9487,30185.9487,0.0000,4431.0072,0.00%
50,50,30185.9487,30185.9487,0.0000,497.5037,0.00%
50,51,30185.9487,30185.9487,0.0000,125.6337,0.00%
50,52,30185.9487,30185.9487,0.0000,374.3708,0.00%
50,53,41019.1918,30185.9487,10833.2430,12876.5270,18.86%
50,54,33141.0981,30185.9487,2955.1493,8451.0736,185.98%
50,55,34646.4381,30185.9487,4460.4893,9686.8151,117.17%
50,56,39043.0047,30185.9487,8857.0560,14855.6991,67.73%
50,57,40768.8520,30185.9487,10582.9032,16459.2007,55.53%
50,58,44515.5586,30185.9487,14329.6099,20584.8006,43.65%
50,59,44900.5629,30185.9487,14714.6141,20014.5388,36.02%
50,60,50343.4470,30185.9487,20157.4982,26131.2130,29.64%
50,61,51298.3851,30185.9487,21112.4364,26881.0507,27.32%
50,62,56193.8743,30185.9487,26007.9256,30211.3815,16.16%
50,63,55695.6736,30185.9487,25509.7249,30015.9526,17.66%
50,64,57922.5817,30185.9487,27736.6330,32214.2820,16.14%
50,65,57965.3012,30185.9487,27779.3524,32547.1384,17.16%
50,66,57106.9593,30185.9487,26921.0106,32592.5187,21.07%
50,67,58292.9555,30185.9487,28107.0067,33735.7376,20.03%
50,68,59245.2069,30185.9487,29059.2581,34410.8011,18.42%
50,69,62876.1145,30185.9487,32690.1658,34049.2955,4.16%
50,70,61150.3156,30185.9487,30964.3669,34095.8132,10.11%
50,71,57880.5949,30185.9487,27694.6462,29222.6902,5.52%
50,72,56475.1897,30185.9487,26289.2410,29373.2525,11.73%
50,73,55365.2816,30185.9487,25179.3329,26762.2315,6.29%
50,74,48772.4560,30185.9487,18586.5073,20066.3208,7.96%
50,75,38721.7223,30185.9487,8535.7735,10687.3511,25.21%
50,76,34860.1801,30185.9487,4674.2313,7853.2030,68.01%
50,77,30461.0500,30185.9487,275.1012,1008.7686,266.69%
50,78,31224.6372,30185.9487,1038.6884,8949.6977,761.63%
50,79,30573.7283,30185.9487,387.7795,5276.8188,1260.78%
50,80,30185.9487,30185.9487,0.0000,8085.6228,0.00%
50,81,31809.7817,30185.9487,1623.8329,6183.4384,280.79%
50,82,33668.7802,30185.9487,3482.8315,9021.3859,159.02%
50,83,39634.5345,30185.9487,9448.5857,15216.8471,61.05%
50,84,39907.7642,30185.9487,9721.8155,15792.1874,62.44%
50,85,45662.5022,30185.9487,15476.5534,18415.0244,18.99%
50,86,40232.8894,30185.9487,10046.9407,15829.9198,57.56%
50,87,41134.3489,30185.9487,10948.4002,17125.9397,56.42%
50,88,41078.7652,30185.9487,10892.8165,16860.5653,54.79%
50,89,43857.0637,30185.9487,13671.1149,17868.3897,30.70%
50,90,46615.5156,30185.9487,16429.5669,22541.2924,37.20%
50,91,50028.2133,30185.9487,19842.2646,24144.3282,21.68%
50,92,47033.3006,30185.9487,16847.3518,22622.8740,34.28%
50,93,55750.1554,30185.9487,25564.2066,29294.9017,14.59%
50,94,57061.9795,30185.9487,26876.0308,31545.3981,17.37%
50,95,61427.9318,30185.9487,31241.9830,35861.6668,14.79%
50,96,78272.9956,30185.9487,48087.0468,50159.4926,4.31%
50,97,63013.0256,30185.9487,32827.0769,34198.6898,4.18%
50,98,62658.1138,30185.9487,32472.1651,34597.6825,6.55%
50,99,62513.4297,30185.9487,32327.4809,33710.6809,4.28%
50,100,58473.7099,30185.9487,28287.7612,31418.8147,11.07%
74,1,36883.0127,19595.7644,17287.2483,21232.3297,22.82%
74,2,36920.3596,19595.7644,17324.5952,21187.9923,22.30%
74,3,55143.9480,19595.7644,35548.1835,38373.6640,7.95%
74,4,60505.2896,19595.7644,40909.5252,43732.1637,6.90%
74,5,32382.0230,19595.7644,12786.2585,14223.0951,11.24%
74,6,21734.8207,19595.7644,2139.0562,2139.0562,0.00%
74,7,19595.7644,19595.7644,0.0000,3054.1425,0.00%
74,8,19595.7644,19595.7644,0.0000,5570.9128,0.00%
74,9,19595.7644,19595.7644,0.0000,5876.8286,0.00%
74,10,42075.8225,19595.7644,22480.0581,26440.2635,17.62%
74,11,40764.5495,19595.7644,21168.7850,24235.6527,14.49%
74,12,45168.7890,19595.7644,25573.0245,28608.2119,11.87%
74,13,45240.5858,19595.7644,25644.8214,29523.1031,15.12%
74,14,48681.7900,19595.7644,29086.0256,32163.8427,10.58%
74,15,49561.3165,19595.7644,29965.5521,32738.5958,9.25%
74,16,49979.5597,19595.7644,30383.7953,33039.6077,8.74%
74,17,53032.5158,19595.7644,33436.7514,36158.2320,8.14%
74,18,55297.2527,19595.7644,35701.4882,38529.1917,7.92%
74,19,55729.6046,19595.7644,36133.8401,38838.8454,7.49%
74,20,58926.2643,19595.7644,39330.4999,42055.4834,6.93%
74,21,58991.5145,19595.7644,39395.7501,42110.7508,6.89%
74,22,59019.2920,19595.7644,39423.5276,42214.7920,7.08%
74,23,63461.0857,19595.7644,43865.3213,46539.2869,6.10%
74,24,63713.0924,19595.7644,44117.3280,46955.2895,6.43%
74,25,67776.8841,19595.7644,48181.1196,51144.1002,6.15%
74,26,68640.8448,19595.7644,49045.0804,51650.5868,5.31%
74,27,74506.8820,19595.7644,54911.1176,57877.3256,5.40%
74,28,76670.6292,19595.7644,57074.8648,60066.3426,5.24%
74,29,75578.4176,19595.7644,55982.6531,58991.1253,5.37%
74,30,75639.0409,19595.7644,56043.2765,59048.6850,5.36%
74,31,76520.1225,19595.7644,56924.3581,59945.0218,5.31%
74,32,75333.9516,19595.7644,55738.1872,58889.7854,5.65%
74,33,77953.8914,19595.7644,58358.1269,61526.2979,5.43%
74,34,78174.6187,19595.7644,58578.8543,61752.8378,5.42%
74,35,26247.8458,19595.7644,6652.0814,6842.8527,2.87%
74,36,19595.7644,19595.7644,0.0000,4821.5944,0.00%
74,37,19595.7644,19595.7644,0.0000,2506.6486,0.00%
74,38,19595.7644,19595.7644,0.0000,4307.7426,0.00%
74,39,19595.7644,19595.7644,0.0000,3009.4098,0.00%
74,40,19595.7644,19595.7644,0.0000,4019.0912,0.00%
74,41,25092.5458,19595.7644,5496.7814,8313.4496,51.24%
74,42,33780.8408,19595.7644,14185.0763,17307.1942,22.01%
74,43,34297.0006,19595.7644,14701.2361,18465.3463,25.60%
74,44,34665.6208,19595.7644,15069.8563,18006.9059,19.49%
74,45,34940.5522,19595.7644,15344.7877,18283.1587,19.15%
74,46,35055.4198,19595.7644,15459.6554,18399.3922,19.02%
74,47,35194.3188,19595.7644,15598.5544,18535.1722,18.83%
74,48,35561.7577,19595.7644,15965.9933,18902.6537,18.39%
74,49,38432.2162,19595.7644,18836.4518,21662.3951,15.00%
74,50,38878.2578,19595.7644,19282.4934,22674.2070,17.59%
74,51,39389.8889,19595.7644,19794.1245,23248.1235,17.45%
74,52,39673.6465,19595.7644,20077.8820,22683.3884,12.98%
74,53,52847.1373,19595.7644,33251.3728,36280.2026,9.11%
74,54,52891.9594,19595.7644,33296.1950,35901.7014,7.83%
74,55,54722.9259,19595.7644,35127.1615,37732.6679,7.42%
74,56,59108.7089,19595.7644,39512.9445,42316.0157,7.09%
74,57,60953.2922,19595.7644,41357.5278,44161.2148,6.78%
74,58,64327.2523,19595.7644,44731.4878,47841.4815,6.95%
74,59,65519.6074,19595.7644,45923.8429,49234.6703,7.21%
74,60,69906.3242,19595.7644,50310.5597,53446.7866,6.23%
74,61,70490.5682,19595.7644,50894.8038,54046.1849,6.19%
74,62,73979.4741,19595.7644,54383.7096,57349.9442,5.45%
74,63,73743.2924,19595.7644,54147.5279,57213.2641,5.66%
74,64,75951.2454,19595.7644,56355.4810,59396.1162,5.40%
74,65,76004.6408,19595.7644,56408.8764,60096.6470,6.54%
74,66,76173.0625,19595.7644,56577.2980,59744.5655,5.60%
74,67,77414.1203,19595.7644,57818.3558,60985.9181,5.48%
74,68,77864.1095,19595.7644,58268.3450,61621.0141,5.75%
74,69,26732.1074,19595.7644,7136.3429,7789.0356,9.15%
74,70,26517.0579,19595.7644,6921.2935,7190.5243,3.89%
74,71,21834.4519,19595.7644,2238.6874,3000.2448,34.02%
74,72,22636.9655,19595.7644,3041.2011,3041.2011,0.00%
74,73,19595.7644,19595.7644,0.0000,5157.1320,0.00%
74,74,19595.7644,19595.7644,0.0000,7774.7655,0.00%
74,75,22972.8087,19595.7644,3377.0442,6924.9475,105.06%
74,76,26115.4362,19595.7644,6519.6718,9449.8196,44.94%
74,77,38385.8119,19595.7644,18790.0475,22197.1682,18.13%
74,78,35688.4034,19595.7644,16092.6390,19027.0105,18.23%
74,79,45649.3246,19595.7644,26053.5602,29988.1471,15.10%
74,80,48244.7682,19595.7644,28649.0038,31722.8090,10.73%
74,81,51125.2434,19595.7644,31529.4790,34257.2207,8.65%
74,82,53519.7747,19595.7644,33924.0102,36586.8918,7.85%
74,83,59868.7907,19595.7644,40273.0262,43013.2751,6.80%
74,84,59931.7626,19595.7644,40335.9981,43186.8764,7.07%
74,85,62210.4138,19595.7644,42614.6493,45591.6486,6.99%
74,86,60472.3456,19595.7644,40876.5811,43635.2683,6.75%
74,87,61069.3604,19595.7644,41473.5959,44565.2969,7.45%
74,88,61196.6630,19595.7644,41600.8986,44445.0003,6.84%
74,89,64764.7531,19595.7644,45168.9887,47988.2190,6.24%
74,90,66229.2831,19595.7644,46633.5186,49757.9509,6.70%
74,91,67888.1804,19595.7644,48292.4159,51346.2237,6.32%
74,92,67327.2182,19595.7644,47731.4537,50842.9513,6.52%
74,93,73070.6418,19595.7644,53474.8774,56452.9970,5.57%
74,94,75242.7633,19595.7644,55646.9988,58757.4121,5.59%
74,95,79579.6400,19595.7644,59983.8755,63051.6146,5.11%
74,96,41608.0969,19595.7644,22012.3325,23896.3547,8.56%
74,97,26840.0786,19595.7644,7244.3141,7894.5127,8.98%
74,98,26022.3821,19595.7644,6426.6177,7743.3249,20.49%
74,99,26344.6778,19595.7644,6748.9133,7399.4410,9.64%
74,100,24541.1831,19595.7644,4945.4186,7101.7937,43.60%
89,1,37548.6884,11732.0711,25816.6173,28170.9226,9.12%
89,2,37245.9631,11732.0711,25513.8920,27874.0205,9.25%
89,3,16278.7577,11732.0711,4546.6866,6948.0897,52.82%
89,4,11732.0711,11732.0711,0.0000,2172.2947,0.00%
89,5,80183.2496,11732.0711,68451.1785,70637.6527,3.19%
89,6,66743.9235,11732.0711,55011.8524,57198.9253,3.98%
89,7,64992.9807,11732.0711,53260.9097,55441.2098,4.09%
89,8,60741.0065,11732.0711,49008.9355,51192.9518,4.46%
89,9,57191.1047,11732.0711,45459.0337,47641.2549,4.80%
89,10,31950.1029,11732.0711,20218.0318,22724.3554,12.40%
89,11,30500.1980,11732.0711,18768.1270,20986.1770,11.82%
89,12,37811.6455,11732.0711,26079.5745,28236.4520,8.27%
89,13,28360.2709,11732.0711,16628.1999,19043.4596,14.53%
89,14,22726.6748,11732.0711,10994.6037,13348.0382,21.41%
89,15,21517.0009,11732.0711,9784.9298,12033.4539,22.98%
89,16,20998.6138,11732.0711,9266.5427,11499.1434,24.09%
89,17,17965.7402,11732.0711,6233.6692,8476.6672,35.98%
89,18,16143.8584,11732.0711,4411.7874,6827.3636,54.75%
89,19,15454.8078,11732.0711,3722.7368,6167.9652,65.68%
89,20,12550.3375,11732.0711,818.2665,3342.1016,308.44%
89,21,12473.0206,11732.0711,740.9495,3268.9250,341.18%
89,22,12480.1827,11732.0711,748.1116,3190.7714,326.51%
89,23,11732.0711,11732.0711,0.0000,783.1030,0.00%
89,24,11732.0711,11732.0711,0.0000,889.9091,0.00%
89,25,27439.9775,11732.0711,15707.9064,16947.0692,7.89%
89,26,11732.0711,11732.0711,0.0000,3320.9861,0.00%
89,27,31316.2245,11732.0711,19584.1534,21393.3729,9.24%
89,28,36157.0897,11732.0711,24425.0186,26006.2157,6.47%
89,29,31309.2580,11732.0711,19577.1869,21507.7061,9.86%
89,30,31390.2950,11732.0711,19658.2240,21590.8460,9.83%
89,31,31707.3356,11732.0711,19975.2645,22104.1284,10.66%
89,32,22125.1512,11732.0711,10393.0801,13518.7488,30.07%
89,33,25230.7393,11732.0711,13498.6682,16762.9203,24.18%
89,34,25811.2026,11732.0711,14079.1315,17257.8395,22.58%
89,35,71605.0317,11732.0711,59872.9606,62061.0956,3.65%
89,36,66348.5480,11732.0711,54616.4770,56777.9374,3.96%
89,37,66109.6686,11732.0711,54377.5976,56557.2807,4.01%
89,38,58901.4220,11732.0711,47169.3510,49356.4764,4.64%
89,39,55636.7714,11732.0711,43904.7004,46083.3116,4.96%
89,40,54877.7309,11732.0711,43145.6598,45379.0181,5.18%
89,41,47566.7669,11732.0711,35834.6958,38089.5404,6.29%
89,42,41833.0053,11732.0711,30100.9342,32413.5208,7.68%
89,43,37724.0690,11732.0711,25991.9979,28211.4907,8.54%
89,44,39626.5720,11732.0711,27894.5010,30227.4426,8.36%
89,45,39421.9629,11732.0711,27689.8918,30032.4313,8.46%
89,46,39360.3393,11732.0711,27628.2682,29976.0985,8.50%
89,47,39150.9488,11732.0711,27418.8777,29765.7073,8.56%
89,48,38831.8343,11732.0711,27099.7632,29456.8573,8.70%
89,49,36102.6307,11732.0711,24370.5596,26589.1137,9.10%
89,50,32116.5007,11732.0711,20384.4296,22555.1616,10.65%
89,51,31602.8222,11732.0711,19870.7511,22048.3650,10.96%
89,52,31308.6523,11732.0711,19576.5812,21747.9227,11.09%
89,53,34978.5550,11732.0711,23246.4840,25297.4953,8.82%
89,54,18090.6146,11732.0711,6358.5436,8589.0543,35.08%
89,55,16338.8842,11732.0711,4606.8131,6874.3752,49.22%
89,56,12418.8770,11732.0711,686.8059,3084.4839,349.11%
89,57,11732.0711,11732.0711,0.0000,1904.6315,0.00%
89,58,13456.6408,11732.0711,1724.5698,2099.6337,21.75%
89,59,11732.0711,11732.0711,0.0000,1640.3423,0.00%
89,60,17611.0241,11732.0711,5878.9530,8355.0985,42.12%
89,61,19097.0121,11732.0711,7364.9411,9760.6321,32.53%
89,62,31025.8472,11732.0711,19293.7762,20999.3624,8.84%
89,63,29419.9658,11732.0711,17687.8948,19585.4808,10.73%
89,64,31067.2786,11732.0711,19335.2076,21424.1749,10.80%
89,65,31043.9239,11732.0711,19311.8528,21476.2455,11.21%
89,66,23839.3748,11732.0711,12107.3037,15150.8012,25.14%
89,67,24776.4792,11732.0711,13044.4082,16180.8954,24.04%
89,68,28170.6636,11732.0711,16438.5925,19218.9699,16.91%
89,69,74976.5795,11732.0711,63244.5084,65396.3809,3.40%
89,70,72034.8368,11732.0711,60302.7657,62490.8762,3.63%
89,71,69843.9691,11732.0711,58111.8980,60268.4534,3.71%
89,72,67419.9201,11732.0711,55687.8491,57875.3859,3.93%
89,73,67264.5897,11732.0711,55532.5186,57690.1526,3.89%
89,74,60779.4515,11732.0711,49047.3805,51200.3436,4.39%
89,75,50030.4018,11732.0711,38298.3307,40531.7596,5.83%
89,76,45477.0328,11732.0711,33744.9617,35888.3715,6.35%
89,77,36385.9204,11732.0711,24653.8494,26846.7819,8.89%
89,78,38655.5824,11732.0711,26923.5113,29280.4678,8.75%
89,79,28257.6607,11732.0711,16525.5896,18857.2461,14.11%
89,80,23094.7623,11732.0711,11362.6912,13724.2442,20.78%
89,81,19943.6765,11732.0711,8211.6055,10409.6160,26.77%
89,82,17477.0500,11732.0711,5744.9789,7977.6639,38.86%
89,83,11732.0711,11732.0711,0.0000,2729.7622,0.00%
89,84,12063.7200,11732.0711,331.6489,2302.7392,594.33%
89,85,28211.8789,11732.0711,16479.8078,17325.9226,5.13%
89,86,11732.0711,11732.0711,0.0000,2331.2931,0.00%
89,87,12245.9821,11732.0711,513.9110,2062.9412,301.42%
89,88,11732.0711,11732.0711,0.0000,1640.3423,0.00%
89,89,11732.0711,11732.0711,0.0000,4003.4791,0.00%
89,90,15174.2248,11732.0711,3442.1537,5680.2694,65.02%
89,91,26213.8187,11732.0711,14481.7476,15780.2004,8.97%
89,92,13713.4137,11732.0711,1981.3426,4172.7904,110.60%
89,93,32319.0795,11732.0711,20587.0084,22348.6162,8.56%
89,94,29637.3406,11732.0711,17905.2695,20072.2735,12.10%
89,95,33088.1998,11732.0711,21356.1287,23757.4017,11.24%
89,96,90040.0668,11732.0711,78307.9957,80489.2845,2.79%
89,97,75109.8534,11732.0711,63377.7824,65530.1138,3.40%
89,98,74328.2080,11732.0711,62596.1370,64774.2320,3.48%
89,99,74599.6734,11732.0711,62867.6023,65020.2509,3.42%
89,100,69307.5998,11732.0711,57575.5287,59763.6121,3.80%
